<?xml version="1.0" standalone="yes"?>
<CustomerData xmlns="http://tempuri.org/ListBoxData1.xsd">
    <Customer>
        <CustomerID>389</CustomerID>
        <CustomerName>Great Big Company</CustomerName>
        <Phone>(615)555-4444</Phone>
    </Customer>
    <Customer>
        <CustomerID>499</CustomerID>
        <CustomerName>Very Small Company</CustomerName>
        <Phone>(615)555-7777</Phone>
    </Customer>
    <Customer>
        <CustomerID>518</CustomerID>
        <CustomerName>Medium Sized Company</CustomerName>
        <Phone>(615)555-9999</Phone>
    </Customer>
    <Customer>
        <CustomerID>222</CustomerID>
        <CustomerName>Really Big CO</CustomerName>
        <Phone>615-444-5555</Phone>
    </Customer>
</CustomerData>